,№,Имя,Род деятельности,Дата включения в реестр[12],Дата исключения из реестра,link,wiki_name,wiki_summary_ru,wiki_summary_eng
0,1,Пономарёв Лев Александрович,правозащитник,28.12.2020,-6022002,"https://ru.wikipedia.org/wiki/%D0%9F%D0%BE%D0%BD%D0%BE%D0%BC%D0%B0%D1%80%D1%91%D0%B2,_%D0%9B%D0%B5%D0%B2_%D0%90%D0%BB%D0%B5%D0%BA%D1%81%D0%B0%D0%BD%D0%B4%D1%80%D0%BE%D0%B2%D0%B8%D1%87","Пономарёв, Лев Александрович","Лев Алекса́ндрович Пономарёв (род. 2 сентября 1941, Томск) — советский и российский политический и общественный деятель. По профессии физик. Доктор физико-математических наук (1983).
Народный депутат России (1990—1993). Депутат Государственной думы первого созыва (1994—1995). Исполнительный директор общероссийского движения «За права человека» (1997—2019) и Фонда «В защиту прав заключённых» (с 2007 года). Член Московской Хельсинкской группы (МХГ) с 1996 года, член Совета МХГ с 2019 года. Участник коалиции «Другая Россия» (2006—2010). Член федерального политического совета Объединённого демократического движения «Солидарность» (2008—2011), входит в состав политсовета движения. Председатель Национальной общественной организации «За права человека» (с 1 декабря 2019 года). Член Правозащитного совета России. Создатель сетевого сообщества «Конгресс интеллигенции» (с 2014 года), объединившего несколько тысяч человек. 28 декабря 2020 года Минюстом России был включён в первый список физических лиц, признанных СМИ — «иностранными агентами»","Lev Aleksandrovich Ponomarev (born September 2, 1941, Tomsk) - Soviet and Russian political and public figure. By profession, a physicist. Doctor of Physical and Mathematical Sciences (1983).
People's Deputy of Russia (1990-1993). Deputy of the State Duma of the first convocation (1994-1995). Executive Director of the All -Russian Movement ""For Human Rights"" (1997-2019) and the Foundation ""In Defense of the Rights of Prisoners"" (since 2007). Member of the Moscow Helsinki Group (MHG) since 1996, member of the MHG Council since 2019. Member of the Coalition ""Another Russia"" (2006-2010). Member of the Federal Political Council of the United Democratic Movement ""Solidarity"" (2008–2011), is part of the political council of movement. Chairman of the National Public Organization ""For Human Rights"" (from December 1, 2019). Member of the human rights Council of Russia. The creator of the network community ""Congress of the Intelligentsia"" (since 2014), uniting several thousand people. On December 28, 2020, the Ministry of Justice of Russia was included in the first list of individuals recognized by the media - ""foreign agents"""
1,2,Савицкая Людмила Алексеевна,журналистка Радио «Свобода»,28.12.2020,-6022002,-6022002,-6022002,,
2,3,Маркелов Сергей Евгеньевич,журналист «7x7»,28.12.2020,-6022002,-6022002,-6022002,,
3,4,Камалягин Денис Николаевич[d],главный редактор «Псковской губернии»,28.12.2020,-6022002,-6022002,-6022002,,
4,5,Апахончич Дарья Александровна,художница-акционистка,28.12.2020,-6022002,-6022002,-6022002,,
5,6,Баданин Роман Сергеевич,главный редактор «Проекта»,15.07.2021,-6022002,"https://ru.wikipedia.org/wiki/%D0%91%D0%B0%D0%B4%D0%B0%D0%BD%D0%B8%D0%BD,_%D0%A0%D0%BE%D0%BC%D0%B0%D0%BD_%D0%A1%D0%B5%D1%80%D0%B3%D0%B5%D0%B5%D0%B2%D0%B8%D1%87","Баданин, Роман Сергеевич","Рома́н Серге́евич Бада́нин (род. 1 января 1970, Курган, СССР) — российский журналист, основатель и главный редактор изданий «Проект» и «Агентство».
Возглавлял сайт издания «Forbes Russia» (2011—2013) как шеф-редактор, а также информационное агентство РБК (2014—2016) и телеканал «Дождь» (2016—2017) как главный редактор.","Roman Sergeevich Badanin (born January 1, 1970, Kurgan, USSR) is a Russian journalist, founder and editor -in -chief of Project and Agency. 
 He headed the website of Forbes Russia (2011-2013) as a chief editor, as well as the RBC information agency (2014-2016) and the Rain TV channel (2016–2017) as a chief editor."
6,7,Гликин Максим Александрович,журналист «Открытых медиа»,15.07.2021,-6022002,-6022002,-6022002,,
7,8,Маняхин Пётр Борисович,журналист «Проекта»,15.07.2021,-6022002,-6022002,-6022002,,
8,9,Ярош Юлия Петровна,журналистка «Открытых медиа»,15.07.2021,-6022002,-6022002,-6022002,,
9,10,Чуракова Ольга Владимировна,журналистка «Проекта»,15.07.2021,-6022002,-6022002,-6022002,,
10,11,Железнова Мария Михайловна,журналистка «Проекта»,15.07.2021,-6022002,-6022002,-6022002,,
11,12,Лукьянова Юлия Сергеевна,журналистка «Проекта»,15.07.2021,-6022002,-6022002,-6022002,,
12,13,Маетная Елизавета Витальевна,журналистка Радио «Свобода»,15.07.2021,-6022002,-6022002,-6022002,,
13,14,Рубин Михаил Аркадьевич,журналист «Проекта»,23.07.2021,-6022002,"https://ru.wikipedia.org/wiki/%D0%A0%D1%83%D0%B1%D0%B8%D0%BD,_%D0%9C%D0%B8%D1%85%D0%B0%D0%B8%D0%BB_%D0%90%D1%80%D0%BA%D0%B0%D0%B4%D1%8C%D0%B5%D0%B2%D0%B8%D1%87","Рубин, Михаил Аркадьевич",Михаи́л Арка́дьевич Ру́бин (род. 20 апреля 1988) — российский журналист. Сооснователь издания «Проект».,"Mikhail Arkadievich Rubin (born April 20, 1988) - Russian journalist. The co -founder of the publication ""Project""."
14,15,Гройсман Софья Романовна,журналистка «Проекта»,23.07.2021,-6022002,-6022002,-6022002,,
15,16,Рождественский Илья Дмитриевич,журналист «Открытых медиа»,23.07.2021,-6022002,-6022002,-6022002,,
16,17,Апухтина Юлия Владимировна,журналистка «Проекта»,23.07.2021,-6022002,-6022002,-6022002,,
17,18,Постернак Алексей Евгеньевич,журналист Радио «Свобода»,23.07.2021,-6022002,-6022002,-6022002,,
18,19,Петров Степан Юрьевич,руководитель общественного движения «Якутия — Наше Мнение»,20.08.2021,-6022002,-6022002,-6022002,,
19,20,Шмагун Олеся Валентиновна,журналистка «Важных историй»,20.08.2021,-6022002,"https://ru.wikipedia.org/wiki/%D0%A8%D0%BC%D0%B0%D0%B3%D1%83%D0%BD,_%D0%9E%D0%BB%D0%B5%D1%81%D1%8F_%D0%92%D0%B0%D0%BB%D0%B5%D0%BD%D1%82%D0%B8%D0%BD%D0%BE%D0%B2%D0%BD%D0%B0","Шмагун, Олеся Валентиновна","Оле́ся Валенти́новна Шмагу́н (род. 21 августа 1987, Москва) — российская журналистка. Соосновательница издания «Важные истории». Сотрудница Центра по изучению коррупции и организованной преступности (OCCRP). Четырёхкратная лауреатка ежемесячной журналистской премии «Редколлегия». Лауреат Пулитцеровской премии в составе группы из 300 журналистов.","Oleusya Valentinovna Shmagun (born August 21, 1987, Moscow) - Russian journalist. The co -founder of the publication ""Important Stories"". Employee of the Center for the Study of Corruption and Organized Crime (OCCRP). The four -time laureate of the Monthly Journalistic Prize ""Editorial Condition"". Pulitzer Prize laureate consisting of a group of 300 journalists."
20,21,Мароховская Алеся Алексеевна,журналистка «Важных историй»,20.08.2021,-6022002,"https://ru.wikipedia.org/wiki/%D0%9C%D0%B0%D1%80%D0%BE%D1%85%D0%BE%D0%B2%D1%81%D0%BA%D0%B0%D1%8F,_%D0%90%D0%BB%D0%B5%D1%81%D1%8F_%D0%90%D0%BB%D0%B5%D0%BA%D1%81%D0%B5%D0%B5%D0%B2%D0%BD%D0%B0","Мароховская, Алеся Алексеевна",Алеся Алексеевна Мароховская — российская журналистка-расследовательница. С 2020 года работает редактором дата-отдела в издании «Важные истории».,"Alesseevna Marokhovskaya-Russian journalist-investigator. Since 2020, he has been working as an editor of the Date Department in the publication ""Important Stories""."
21,22,Долинина Ирина Николаевна,журналистка «Важных историй»,20.08.2021,-6022002,-6022002,-6022002,,
22,23,Шлейнов Роман Юрьевич,журналист «Важных историй»,20.08.2021,-6022002,-6022002,-6022002,,
23,24,Анин Роман Александрович,главный редактор «Важных историй»,20.08.2021,-6022002,"https://ru.wikipedia.org/wiki/%D0%90%D0%BD%D0%B8%D0%BD,_%D0%A0%D0%BE%D0%BC%D0%B0%D0%BD_%D0%90%D0%BB%D0%B5%D0%BA%D1%81%D0%B0%D0%BD%D0%B4%D1%80%D0%BE%D0%B2%D0%B8%D1%87","Анин, Роман Александрович","Рома́н Алекса́ндрович А́нин (род. 16 декабря 1986, Кишинёв) — российский журналист-расследователь. Бывший специальный корреспондент отдела расследований «Новой газеты». Один из основателей издания «Важные истории».","Roman Aleksandrovich Ainin (born December 16, 1986, Chisinau)-Russian journalist-investigator. Former special correspondent of the Novaya Gazeta investigation department. One of the founders of the publication ""Important Stories""."
24,25,Великовский Дмитрий Александрович,журналист «Важных историй»,20.08.2021,-6022002,-6022002,-6022002,,
25,26,Каткова Вероника Вячеславовна,координатор «Голоса»,29.09.2021,-6022002,-6022002,-6022002,,
26,27,Карезина Инна Павловна,координатор «Голоса»,29.09.2021,-6022002,-6022002,-6022002,,
27,28,Кузьмина Людмила Гавриловна,координатор «Голоса»,29.09.2021,29.04.2022,-6022002,-6022002,,
28,29,Костылева Полина Владимировна,координатор «Голоса»,29.09.2021,-6022002,-6022002,-6022002,,
29,30,Лютов Александр Иванович,координатор «Голоса»,29.09.2021,06.05.2022,-6022002,-6022002,,
30,31,Жилкин Владимир Владимирович,координатор «Голоса»,29.09.2021,06.05.2022,-6022002,-6022002,,
31,32,Жилинский Владимир Александрович,координатор «Голоса»,29.09.2021,-6022002,-6022002,-6022002,,
32,33,Тихонов Михаил Сергеевич,координатор «Голоса»,29.09.2021,-6022002,-6022002,-6022002,,
33,34,Пискунов Сергей Евгеньевич,координатор «Голоса»,29.09.2021,-6022002,-6022002,-6022002,,
34,35,Ковин Виталий Сергеевич,член совета «Голоса»,29.09.2021,-6022002,-6022002,-6022002,,
35,36,Кильтау Екатерина Викторовна,координатор «Голоса»,29.09.2021,-6022002,-6022002,-6022002,,
36,37,Любарев Аркадий Ефимович,член совета «Голоса»,29.09.2021,29.04.2022,"https://ru.wikipedia.org/wiki/%D0%9B%D1%8E%D0%B1%D0%B0%D1%80%D0%B5%D0%B2,_%D0%90%D1%80%D0%BA%D0%B0%D0%B4%D0%B8%D0%B9_%D0%95%D1%84%D0%B8%D0%BC%D0%BE%D0%B2%D0%B8%D1%87","Любарев, Аркадий Ефимович","Аркадий Ефимович Любарев (род. 17 апреля 1958, Реутов, Московская область) — российский биохимик, правовед и политолог, общественный деятель. Кандидат биологических наук, кандидат юридических наук.","Arkady Efimovich Lyubarev (born April 17, 1958, Reutov, Moscow Region) - Russian biochemist, jurist and political scientist, public figure. Candidate of Biological Sciences, Candidate of Law."
37,38,Гурман Юрий Альбертович,член совета «Голоса»,29.09.2021,-6022002,-6022002,-6022002,,
38,39,Грезев Александр Викторович,координатор «Голоса»,29.09.2021,06.05.2022,-6022002,-6022002,,
39,40,Важенков Артём Валерьевич,координатор «Голоса»,29.09.2021,-6022002,-6022002,-6022002,,
40,41,Иванова София Юрьевна,член совета «Голоса»,29.09.2021,-6022002,-6022002,-6022002,,
41,42,Пигалкин Илья Валерьевич,координатор «Голоса»,29.09.2021,06.05.2022,-6022002,-6022002,,
42,43,Петров Алексей Викторович,координатор «Голоса»,29.09.2021,-6022002,-6022002,-6022002,,
43,44,Егоров Владимир Владимирович,координатор «Голоса»,29.09.2021,-6022002,-6022002,-6022002,,
44,45,Гусев Андрей Юрьевич,координатор «Голоса»,29.09.2021,-6022002,-6022002,-6022002,,
45,46,Смирнов Сергей Сергеевич,главный редактор «Медиазоны»,29.09.2021,-6022002,"https://ru.wikipedia.org/wiki/%D0%A1%D0%BC%D0%B8%D1%80%D0%BD%D0%BE%D0%B2,_%D0%A1%D0%B5%D1%80%D0%B3%D0%B5%D0%B9_%D0%A1%D0%B5%D1%80%D0%B3%D0%B5%D0%B5%D0%B2%D0%B8%D1%87_(%D0%B6%D1%83%D1%80%D0%BD%D0%B0%D0%BB%D0%B8%D1%81%D1%82)","Смирнов, Сергей Сергеевич (журналист)","Сергей Сергеевич Смирнов (род. 20 апреля 1975, Москва, РСФСР) — российский журналист, главный редактор издания «Медиазона».","Sergey Sergeyevich Smirnov (born April 20, 1975, Moscow, RSFSR) - Russian journalist, chief editor of the Mediazona publication."
46,47,Верзилов Пётр Юрьевич,издатель «Медиазоны»,29.09.2021,-6022002,"https://ru.wikipedia.org/wiki/%D0%92%D0%B5%D1%80%D0%B7%D0%B8%D0%BB%D0%BE%D0%B2,_%D0%9F%D1%91%D1%82%D1%80_%D0%AE%D1%80%D1%8C%D0%B5%D0%B2%D0%B8%D1%87","Верзилов, Пётр Юрьевич","Пётр Ю́рьевич Верзи́лов (род. 25 октября 1987, Москва, СССР) — российский художник-акционист и медиаменеджер. Издатель интернет-СМИ «Медиазона», участник группы Pussy Riot, до 2009 года — один из наиболее активных участников арт-группы «Война».","Pyotr Yurievich Verzilov (born October 25, 1987, Moscow, USSR) is a Russian actist artist and media manager. The publisher of the Internet mediazona, a participant in the Pussy Riot group, until 2009, is one of the most active participants in the war group."
47,48,Вольтская Татьяна Анатольевна,журналистка Радио «Свобода»,08.10.2021,-6022002,"https://ru.wikipedia.org/wiki/%D0%92%D0%BE%D0%BB%D1%8C%D1%82%D1%81%D0%BA%D0%B0%D1%8F,_%D0%A2%D0%B0%D1%82%D1%8C%D1%8F%D0%BD%D0%B0_%D0%90%D0%BD%D0%B0%D1%82%D0%BE%D0%BB%D1%8C%D0%B5%D0%B2%D0%BD%D0%B0","Вольтская, Татьяна Анатольевна","Татья́на Анато́льевна Во́льтская (род. 12 декабря 1960, Ленинград) — российская поэтесса, журналистка, литературный критик, эссеист.","Tatyana Anatolyevna Voltskaya (born December 12, 1960, Leningrad) - Russian poetess, journalist, literary critic, essayist."
48,49,Клепиковская Екатерина Дмитриевна,журналистка Радио «Свобода»,08.10.2021,-6022002,-6022002,-6022002,,
49,50,Сотников Даниил Владимирович,журналист «Дождя»,08.10.2021,-6022002,-6022002,-6022002,,
50,51,Захаров Андрей Вячеславович,журналист Би-би-си,08.10.2021,-6022002,"https://ru.wikipedia.org/wiki/%D0%97%D0%B0%D1%85%D0%B0%D1%80%D0%BE%D0%B2,_%D0%90%D0%BD%D0%B4%D1%80%D0%B5%D0%B9_%D0%92%D1%8F%D1%87%D0%B5%D1%81%D0%BB%D0%B0%D0%B2%D0%BE%D0%B2%D0%B8%D1%87","Захаров, Андрей Вячеславович","Андрей Вячеславович Захаров (род. в Санкт-Петербурге) — российский журналист-расследователь, специальный корреспондент Русской службы Би-би-си, четырёхкратный лауреат ежемесячной журналистской премии «Редколлегия».","Andrey Vyacheslavovich Zakharov (born in St. Petersburg) is a Russian journalist-investigator, special correspondent of the Russian BBC Russian service, a four-fold laureate of the Monitoring Journalistic Prize ""Redkangleliya""."
51,52,Симонов Евгений Алексеевич,журналист Радио «Свобода»,08.10.2021,-6022002,-6022002,-6022002,,
52,53,Сурначева Елизавета Дмитриевна,журналистка «Настоящего времени»,08.10.2021,-6022002,-6022002,-6022002,,
53,54,Соловьёва Елена Анатольевна,журналистка «Новой газеты»,08.10.2021,-6022002,-6022002,-6022002,,
54,55,Арапова Галина Юрьевна,директор «Центра защиты прав СМИ»,08.10.2021,-6022002,"https://ru.wikipedia.org/wiki/%D0%90%D1%80%D0%B0%D0%BF%D0%BE%D0%B2%D0%B0,_%D0%93%D0%B0%D0%BB%D0%B8%D0%BD%D0%B0_%D0%AE%D1%80%D1%8C%D0%B5%D0%B2%D0%BD%D0%B0","Арапова, Галина Юрьевна","Гали́на Ю́рьевна Ара́пова (род. 16 июня 1972, Воронеж) — российский юрист, медиаюрист, эксперт в области информационного права, общественный деятель, правозащитник, основатель и директор «Центра защиты прав СМИ», автор книг по правовым аспектам деятельности СМИ. Заслуженный работник медиаотрасли Воронежской области.","Galina Yurievna Arapova (born June 16, 1972, Voronezh) - Russian lawyer, media, an expert in the field of information law, public figure, human rights activist, founder and director of the Center for Protection of Media Rights, and author of books on legal aspects of the media. Honored Worker of the Media Engineering of the Voronezh Region."
55,56,Перл Роман Александрович,журналист «Настоящего времени»,08.10.2021,-6022002,-6022002,-6022002,,
56,57,Заговора Максим Александрович,сотрудник «Команды 29»,08.11.2021,-6022002,-6022002,-6022002,,
57,58,Ветошкина Валерия Валерьевна,сотрудница «Команды 29»,08.11.2021,-6022002,-6022002,-6022002,,
58,59,Павлов Иван Юрьевич,руководитель «Команды 29»,08.11.2021,-6022002,"https://ru.wikipedia.org/wiki/%D0%9F%D0%B0%D0%B2%D0%BB%D0%BE%D0%B2,_%D0%98%D0%B2%D0%B0%D0%BD_%D0%AE%D1%80%D1%8C%D0%B5%D0%B2%D0%B8%D1%87","Павлов, Иван Юрьевич","Павлов Иван Юрьевич (род. 13 января 1971) — российский юрист, адвокат, активист движения за развитие государственной открытости в России. Кандидат юридических наук (2009).
Участвовал в разработке федеральных законов «Об обеспечении доступа к информации о деятельности государственных органов и органов местного самоуправления» и «Об обеспечении доступа к информации о деятельности судов в Российской Федерации». Специализируется в сфере защиты права на доступ к официальной информации и защите граждан от необоснованных обвинений в разглашении государственной тайны, государственной измене и шпионаже. Выступает за реформирование института государственной тайны.","Pavlov Ivan Yuryevich (born January 13, 1971) - Russian lawyer, lawyer, activist of the movement for the development of state openness in Russia. Candidate of Law (2009).
He participated in the development of federal laws “On ensuring access to information on the activities of state bodies and local governments” and “On ensuring access to information on the activities of courts in the Russian Federation”. It specializes in the field of protecting the right to access official information and protect citizens from unreasonable accusations of disclosing state secrets, state treason and espionage. He advocates reforming the Institute of State Secret."
59,60,Скворцова Елена Сергеевна,сотрудница «Команды 29»,08.11.2021,-6022002,-6022002,-6022002,,
60,61,Оленичев Максим Владимирович,сотрудник «Команды 29»,08.11.2021,-6022002,-6022002,-6022002,,
61,62,Кочетков Игорь Викторович,сооснователь «Российской ЛГБТ-сети»,12.11.2021,-6022002,"https://ru.wikipedia.org/wiki/%D0%9A%D0%BE%D1%87%D0%B5%D1%82%D0%BA%D0%BE%D0%B2,_%D0%98%D0%B3%D0%BE%D1%80%D1%8C_%D0%92%D0%B8%D0%BA%D1%82%D0%BE%D1%80%D0%BE%D0%B2%D0%B8%D1%87","Кочетков, Игорь Викторович","Игорь Викторович (Петров) Кочетков (родился 13 мая 1970 года, Пярну, Эстонская ССР) — российский общественный деятель, правозащитник, публицист, ЛГБТ-активист, один из основателей «Российской ЛГБТ-сети».","Igor Viktorovich (Petrov) Kochetkov (born on May 13, 1970, Pyarn, Estonian SSR)-Russian public figure, human rights activist, publicist, LGBT activist, one of the founders of the Russian LGBTS."
62,63,Еланчик Олег Александрович,главный редактор «Sota.Vision»,26.11.2021,-6022002,-6022002,-6022002,,
63,64,Григорьева Алина Александровна,журналистка «Idel.Реалии»,03.12.2021,-6022002,-6022002,-6022002,,
64,65,Григорьев Андрей Валерьевич,журналист «Idel.Реалии»,03.12.2021,-6022002,-6022002,-6022002,,
65,66,Гималова Регина Эмилевна,журналистка «Idel.Реалии»,03.12.2021,-6022002,-6022002,-6022002,,
66,67,Хисамова Регина Фаритовна,журналистка «Idel.Реалии»,03.12.2021,-6022002,-6022002,-6022002,,
67,68,Гельман Марат Александрович,"публицист, галерист",30.12.2021,-6022002,"https://ru.wikipedia.org/wiki/%D0%93%D0%B5%D0%BB%D1%8C%D0%BC%D0%B0%D0%BD,_%D0%9C%D0%B0%D1%80%D0%B0%D1%82_%D0%90%D0%BB%D0%B5%D0%BA%D1%81%D0%B0%D0%BD%D0%B4%D1%80%D0%BE%D0%B2%D0%B8%D1%87","Гельман, Марат Александрович","Мара́т Алекса́ндрович Ге́льман (род. 24 декабря 1960 года, Кишинёв, СССР) — российский коллекционер, галерист и публицист, арт-менеджер. Бывший директор пермского музея современного искусства PERMM. С июня 2002 по февраль 2004 года — заместитель генерального директора ОАО «Первый канал». Политтехнолог, один из создателей «Фонда эффективной политики», член Общественной палаты созыва 2010—2012 годов.
С 2014 года живёт в Черногории.","Marat Aleksandrovich Galman (born December 24, 1960, Chisinau, USSR)-Russian collector, galleryr and publicist, art manager. Former Director of the Perm Museum of Contemporary Art Permm. From June 2002 to February 2004 - Deputy General Director of Channel One OJSC. Political strategist, one of the creators of the “Effective Policy Fund”, member of the Public Chamber of convocation in 2010-2012. 
 Since 2014, he has been living in Montenegro."
68,69,Шендерович Виктор Анатольевич,публицист,30.12.2021,-6022002,"https://ru.wikipedia.org/wiki/%D0%A8%D0%B5%D0%BD%D0%B4%D0%B5%D1%80%D0%BE%D0%B2%D0%B8%D1%87,_%D0%92%D0%B8%D0%BA%D1%82%D0%BE%D1%80_%D0%90%D0%BD%D0%B0%D1%82%D0%BE%D0%BB%D1%8C%D0%B5%D0%B2%D0%B8%D1%87","Шендерович, Виктор Анатольевич","Ви́ктор Анато́льевич Шендеро́вич (род. 15 августа 1958, Москва) — российский и израильский прозаик, журналист, поэт, драматург, сценарист, теле- и радиоведущий, сатирик, публицист, педагог.","VICTOR Anatolyevich Shenderovich (born August 15, 1958, Moscow)- Russian and Israeli prose writer, journalist, poet, playwright, scriptwriter, television and radio host, satirist, publicist, teacher."
69,70,Беляев Иван Михайлович,журналист Радио «Свобода»,30.12.2021,-6022002,-6022002,-6022002,,
70,71,Владыкина Елена Сергеевна,журналистка Радио «Свобода»,30.12.2021,-6022002,-6022002,-6022002,,
71,72,Бекбулатова Таисия Львовна,главный редактор «Холода»,30.12.2021,-6022002,"https://ru.wikipedia.org/wiki/%D0%91%D0%B5%D0%BA%D0%B1%D1%83%D0%BB%D0%B0%D1%82%D0%BE%D0%B2%D0%B0,_%D0%A2%D0%B0%D0%B8%D1%81%D0%B8%D1%8F_%D0%9B%D1%8C%D0%B2%D0%BE%D0%B2%D0%BD%D0%B0","Бекбулатова, Таисия Львовна","Таисия Львовна Бекбулатова — российская журналистка, главный редактор интернет-издания «Холод».","Taisiya Lvovna Bekbulatova-Russian journalist, editor-in-chief of the online publication ""Cold""."
72,73,Толоконникова Надежда Андреевна,активистка «Pussy Riot»,30.12.2021,-6022002,"https://ru.wikipedia.org/wiki/%D0%A2%D0%BE%D0%BB%D0%BE%D0%BA%D0%BE%D0%BD%D0%BD%D0%B8%D0%BA%D0%BE%D0%B2%D0%B0,_%D0%9D%D0%B0%D0%B4%D0%B5%D0%B6%D0%B4%D0%B0_%D0%90%D0%BD%D0%B4%D1%80%D0%B5%D0%B5%D0%B2%D0%BD%D0%B0","Толоконникова, Надежда Андреевна","Наде́жда Андре́евна Толоко́нникова (род. 7 ноября 1989, Норильск, СССР) — российская участница феминистской панк-группы Pussy Riot, основательница (вместе с Марией Алёхиной) интернет-издания «Медиазона» и организации по защите прав заключённых «Зона Права», бывшая участница арт-группы «Война».
Получила всемирную известность в связи с уголовным преследованием за акцию «Панк-молебен „Богородица, Путина прогони!“», состоявшуюся 21 февраля 2012 года в храме Христа Спасителя. За участие в этой акции была 3 марта арестована и 17 августа 2012 года приговорена Хамовническим судом к лишению свободы на срок 2 года по статье «Хулиганство».  Была освобождена 23 декабря 2013 года на два месяца раньше по амнистии.
Находясь в заключении, занялась защитой прав заключённых; освободившись, Толоконникова вместе с Марией Алёхиной заявили о создании организации по защите прав российских заключённых «Зона права».","Nadezhda Andreyevna Tolokonnikova (born November 7, 1989, Norilsk, USSR)-Russian participant in the feminist punk group Pussy Riot, founder (together with Maria Alyokhina) Internet publication of Mediazon and Organization for the Protection of the Rights of Prisoners, a former participant, former participant. Art groups ""War"".
She gained worldwide fame in connection with the criminal prosecution for the action “Punk-Moleben“ Theotokos, Putin of the run! ””, Placed on February 21, 2012 in the Cathedral of Christ the Savior. For participation in this action was arrested on March 3 and on August 17, 2012 sentenced by the Hamovnik court to deprive liberty for a period of 2 years under the article “Hooliganism”. Was released on December 23, 2013 two months earlier on an amnesty.
While in custody, she took up the protection of the rights of prisoners; Having freed himself, Tolokonnikova, together with Maria Alyokhina, announced the creation of an organization for the protection of the rights of Russian prisoners “Zone of Law”."
73,74,Никульшина Вероника Юрьевна,активистка «Pussy Riot»,30.12.2021,-6022002,-6022002,-6022002,,
74,75,Алексеев Андрей Викторович,кинопрокатчик,30.12.2021,-6022002,-6022002,-6022002,,
75,76,Айнбиндер Александра Александровна,учредитель интернет-издания Sota.Vision,11.02.2022,-6022002,-6022002,-6022002,,
76,77,Голубева Анна Львовна,руководительница центра «Ресурс ЛГБТКИА Москва»,01.04.2022,-6022002,-6022002,-6022002,,
77,78,Константинова Алла Михайловна,корреспондентка «Медиазоны»,01.04.2022,-6022002,-6022002,-6022002,,
78,79,Борзунова Мария Михайловна,журналистка «Дождя»,01.04.2022,-6022002,-6022002,-6022002,,
79,80,Мурадов Мурад Абдулгалимович,журналист еженедельника «Новое дело»,01.04.2022,-6022002,-6022002,-6022002,,
80,81,Малкова Ирина Владимировна,главный редактор интернет-издания «The Bell»,01.04.2022,-6022002,"https://ru.wikipedia.org/wiki/%D0%9C%D0%B0%D0%BB%D0%BA%D0%BE%D0%B2%D0%B0,_%D0%98%D1%80%D0%B8%D0%BD%D0%B0_%D0%92%D0%BB%D0%B0%D0%B4%D0%B8%D0%BC%D0%B8%D1%80%D0%BE%D0%B2%D0%BD%D0%B0","Малкова, Ирина Владимировна","Ирина Владимировна Малкова — российская журналистка, главный редактор интернет-издания The Bell.","Irina Vladimirovna Malkova-Russian journalist, editor-in-chief of The Bell online publication."
81,82,Осетинская Елизавета Николаевна,"журналистка, основательница интернет-издания «The Bell»",01.04.2022,-6022002,"https://ru.wikipedia.org/wiki/%D0%9E%D1%81%D0%B5%D1%82%D0%B8%D0%BD%D1%81%D0%BA%D0%B0%D1%8F,_%D0%95%D0%BB%D0%B8%D0%B7%D0%B0%D0%B2%D0%B5%D1%82%D0%B0_%D0%9D%D0%B8%D0%BA%D0%BE%D0%BB%D0%B0%D0%B5%D0%B2%D0%BD%D0%B0","Осетинская, Елизавета Николаевна","Елизаве́та Никола́евна Осети́нская (род. 3 мая 1977, Москва) — российская журналистка, теле- и радиоведущая. В 2002—2004 — заместитель редактора, в 2004—2007 годах — шеф-редактор, в 2007—2010 — главный редактор, с 2010 по 2011 год — главный редактор сайта издания «Ведомости». С 2011 по 2013 год — главный редактор журнала Forbes в России. В 2014—2016 годах — шеф-редактор информационного агентства РБК. Ранее работала корреспондентом и обозревателем в газетах «Ведомости», «Сегодня» и РБК.
В 2017 году основала интернет-издание The Bell.","Elizaveta Nikolaevna Ossetinskaya (born May 3, 1977, Moscow)- Russian journalist, television and radio host. In 2002-2004-deputy editor, in 2004-2007-chief editor, in 2007-2010-editor-in-chief, from 2010 to 2011-the editor-in-chief of the site ""Vedomosti"". From 2011 to 2013 - The editor -in -chief of Forbes magazine in Russia. In 2014-2016-chief editor of the RBC news agency. Earlier she worked as a correspondent and observer in the newspapers Vedomosti, Today and RBC. 
 In 2017, she founded the online publication The Bell."
82,83,Понасенков Евгений Николаевич,"историк, публицист, видеоблогер",01.04.2022,-6022002,"https://ru.wikipedia.org/wiki/%D0%9F%D0%BE%D0%BD%D0%B0%D1%81%D0%B5%D0%BD%D0%BA%D0%BE%D0%B2,_%D0%95%D0%B2%D0%B3%D0%B5%D0%BD%D0%B8%D0%B9_%D0%9D%D0%B8%D0%BA%D0%BE%D0%BB%D0%B0%D0%B5%D0%B2%D0%B8%D1%87","Понасенков, Евгений Николаевич","Евге́ний Никола́евич Понасе́нков (род. 13 марта 1982, Москва) — российский видеоблогер и публицист, специализирующийся на историческом ревизионизме. 
Автор печатных работ (самая известная из которых — «Первая научная история войны 1812 года») по теме истории наполеоновских войн, вызвавших негативную реакцию со стороны научно-исторического сообщества.
Ведущий авторских передач на российском телевидении. Режиссёр ряда спектаклей, играл в фильмах и сериалах в эпизодических ролях, был организатором культурных мероприятий.","Evgeniy Nikolaevich Ponasynkov (born March 13, 1982, Moscow) - Russian video blogger and publicist specializing in historical revisionism. 
 The author of printed works (the most famous of which is the “first scientific history of the war of 1812”) on the topic of the history of the Napoleonic Wars, which caused a negative reaction from the scientific and historical community. 
 Host of copyright programs on Russian television. The director of a number of performances, played in films and series in episodic roles, was the organizer of cultural events."
83,84,Воробьёв Виктор Викторович,"политик, активист",01.04.2022,-6022002,-6022002,-6022002,,
84,85,Дремин Иван Тимофеевич,"рэп-исполнитель, певец",08.04.2022,-6022002,https://ru.wikipedia.org/wiki/Face,Face,"Face (стилизовано как FACE; настоящее имя — Иван Тимофеевич Дрёмин; род. 8 апреля 1997, Уфа) — российский рэп-исполнитель, певец и автор песен.","Face (stylized as Face; real name is Ivan Timofeevich Dremin; born April 8, 1997, Ufa)-Russian rap artist, singer and songwriter."
85,86,Борухович (Тумакова) Ирина Григорьевна,журналистка интернет-издания «Новая газета»,08.04.2022,-6022002,-6022002,-6022002,,
86,87,Фейгин Марк Захарович,"политический деятель, журналист",08.04.2022,-6022002,"https://ru.wikipedia.org/wiki/%D0%A4%D0%B5%D0%B9%D0%B3%D0%B8%D0%BD,_%D0%9C%D0%B0%D1%80%D0%BA_%D0%97%D0%B0%D1%85%D0%B0%D1%80%D0%BE%D0%B2%D0%B8%D1%87","Фейгин, Марк Захарович","Ма́рк Заха́рович Фе́йгин (род. 3 июня 1971, Куйбышев) — известный российский юрист. Принимал участие в защите группы Pussy Riot, националиста Ильи Горячева (БОРН), украинской военнослужащей Надежды Савченко. Депутат Государственной думы (1994—1995). Заместитель мэра Самары (1997—2007). В апреле 2018 года был лишён статуса адвоката. Кандидат юридических наук (1999).
Ведёт YouTube-канал «Фейгин Live» (более 1,7 млн подписчиков и 350 млн просмотров) на политические темы.","Mark Zakharovich Fyygin (born June 3, 1971, Kuibyshev) is a famous Russian lawyer. He took part in the defense of the Pussy Riot, nationalist Ilya Goryachev (BORN), Ukrainian military personnel Nadezhda Savchenko. Deputy of the State Duma (1994-1995). Deputy Mayor of Samara (1997-2007). In April 2018, he was deprived of the status of a lawyer. Candidate of Law (1999). 
 The Feigin Live (more than 1.7 million subscribers and 350 million views) on political topics leads."
87,88,Маяковская Екатерина Алексеевна,"журналистка, волонтёр движения «Голос»",08.04.2022,-6022002,-6022002,-6022002,,
88,89,Филимонов Андрей Викторович,"журналист Радио «Свобода», Сибирь.Реалии",08.04.2022,-6022002,"https://ru.wikipedia.org/wiki/%D0%A4%D0%B8%D0%BB%D0%B8%D0%BC%D0%BE%D0%BD%D0%BE%D0%B2,_%D0%90%D0%BD%D0%B4%D1%80%D0%B5%D0%B9_%D0%92%D0%B8%D0%BA%D1%82%D0%BE%D1%80%D0%BE%D0%B2%D0%B8%D1%87","Филимонов, Андрей Викторович","Андрей Викторович Филимонов (род. 7 июля 1969, Томск, СССР) — российский прозаик и поэт, журналист. Основатель передвижного поэтического фестиваля «ПлясНигде» («PlaceНигде»).","Andrey Viktorovich Filimonov (born July 7, 1969, Tomsk, USSR) - Russian prose writer and poet, journalist. The founder of the mobile poetic festival ""Plytsnigde"" (""Placenigde"")."
89,90,Дубровский Дмитрий Викторович,"гражданский активист, исследователь, эксперт",08.04.2022,-6022002,-6022002,-6022002,,
90,91,Дзугкоева Регина Николаевна,руководительница движения «Маяк»,15.04.2022,-6022002,-6022002,-6022002,,
91,92,Шаинян Карен Багратович,ЛГБТ-видеоблогер,15.04.2022,-6022002,"https://ru.wikipedia.org/wiki/%D0%A8%D0%B0%D0%B8%D0%BD%D1%8F%D0%BD,_%D0%9A%D0%B0%D1%80%D0%B5%D0%BD_%D0%91%D0%B0%D0%B3%D1%80%D0%B0%D1%82%D0%BE%D0%B2%D0%B8%D1%87","Шаинян, Карен Багратович","Каре́н Багра́тович Шаиня́н (род. 1 июля 1981, Иркутск) — российский журналист и видеоблогер, соавтор проекта «1968.Digital», ведущий YouTube-шоу «Straight Talk With Gay People».","Karen Bagratovich Shainan (born July 1, 1981, Irkutsk)-Russian journalist and video blogger, co-author of the 1968.Digital project, host of the YouTube show ""Straight Talk with Gay People""."
92,93,Шульман Екатерина Михайловна,"политолог, публицист",15.04.2022,-6022002,"https://ru.wikipedia.org/wiki/%D0%A8%D1%83%D0%BB%D1%8C%D0%BC%D0%B0%D0%BD,_%D0%95%D0%BA%D0%B0%D1%82%D0%B5%D1%80%D0%B8%D0%BD%D0%B0_%D0%9C%D0%B8%D1%85%D0%B0%D0%B9%D0%BB%D0%BE%D0%B2%D0%BD%D0%B0","Шульман, Екатерина Михайловна","Екатери́на Миха́йловна Шу́льман (урождённая Засла́вская; род. 19 августа 1978, Тула) — российский политолог и публицист, специалист по проблемам законотворчества. Кандидат политических наук (2013).
Доцент кафедры политических и правовых учений Московской высшей школы социальных и экономических наук, преподаватель кафедры государственного управления и публичной политики Института общественных наук РАНХиГС. Член Совета при президенте РФ по развитию гражданского общества и правам человека (декабрь 2018 — октябрь 2019). Ассоциированный член программы «Россия и Евразия» Chatham House.
Публиковалась в изданиях «Ведомости», «Грани.ру», Republic, Московский центр Карнеги. C 2016 года ведёт авторскую программу «Статус», до 2022 года выходившую на радиостанции «Эхо Москвы», после закрытия станции — одновременно на нескольких каналах в YouTube (собственном и «Живом Гвозде»). Имеет аудиторию свыше 1 млн подписчиков в YouTube и 650 тыс. в Instagram.","Ekaterina Mikhailovna Shulman (nee Zaslavskaya; born August 19, 1978, Tula) - Russian political scientist and publicist, specialist on lawmaking. Candidate of Political Sciences (2013).
Associate Professor of the Department of Political and Legal teachings of the Moscow Higher School of Social and Economic Sciences, teacher of the Department of Public Administration and Public Policy of the Institute of Public Sciences of the RANEPA. Member of the Presidential Council for the Development of Civil Society and Human Rights (December 2018 - October 2019). Associated member of the program ""Russia and Eurasia"" Chatham House.
Published in the publications Vedomosti, Brani.ru, Republic, the Moscow Center of Carnegie. Since 2016, he has been conducting the Author's program “Status”, which until 2022 entered at the Echo of Moscow radio station, after the station was closed - simultaneously on several channels in YouTube (its own and “live nail”). It has an audience of over 1 million subscribers in YouTube and 650 thousand on Instagram."
93,94,Сабунаева Мария Леонидовна,"ЛГБТ-психолог, писательница",15.04.2022,-6022002,-6022002,-6022002,,
94,95,Семёнов Алексей Владимирович,"писатель, бывший обозреватель «Псковской губернии»",15.04.2022,-6022002,-6022002,-6022002,,
95,96,Дудь Юрий Александрович,"видеоблогер, журналист",15.04.2022,-6022002,"https://ru.wikipedia.org/wiki/%D0%94%D1%83%D0%B4%D1%8C,_%D0%AE%D1%80%D0%B8%D0%B9_%D0%90%D0%BB%D0%B5%D0%BA%D1%81%D0%B0%D0%BD%D0%B4%D1%80%D0%BE%D0%B2%D0%B8%D1%87","Дудь, Юрий Александрович","Ю́рий Алекса́ндрович Дудь (род. 11 октября 1986, Потсдам, ГДР) — российский журналист, видеоблогер, теле- и радиоведущий. Главный редактор издания Sports.ru (2011—2018), с сентября 2018 года — заместитель генерального директора. С 2017 года — ведущий авторского канала на YouTube под названием «вДудь», в котором Юрий берёт интервью у известных личностей и выпускает документальные фильмы.
По состоянию на август 2022 года канал имеет более 10 млн подписчиков и более 1,8 млрд просмотров.","Yuri Aleksandrovich Dud (born October 11, 1986, Potsdam, GDR)- Russian journalist, video blogger, television and radio host. The editor -in -chief of the publication Sports.ru (2011-2018), since September 2018 - Deputy General Director. Since 2017 - the host of the author’s channel on YouTube called “Vedud”, in which Yuri takes interviews from famous personalities and releases documentaries. 
 As of August 2022, the channel has more than 10 million subscribers and more than 1.8 billion views."
96,97,Кругликов Кирилл Игоревич,журналист интернет-издания «Такие дела»,15.04.2022,-6022002,-6022002,-6022002,,
97,98,Доброхотов Роман Александрович,главный редактор «The Insider»,15.04.2022,-6022002,"https://ru.wikipedia.org/wiki/%D0%94%D0%BE%D0%B1%D1%80%D0%BE%D1%85%D0%BE%D1%82%D0%BE%D0%B2,_%D0%A0%D0%BE%D0%BC%D0%B0%D0%BD_%D0%90%D0%BB%D0%B5%D0%BA%D1%81%D0%B0%D0%BD%D0%B4%D1%80%D0%BE%D0%B2%D0%B8%D1%87","Доброхотов, Роман Александрович","Рома́н Алекса́ндрович Доброхо́тов (род. 6 августа 1983, Москва, СССР) — российский общественный деятель, журналист, политолог; один из основателей и лидеров «Партии 5 декабря», основатель и лидер движения «Мы», член федерального политсовета движения «Солидарность», член политсовета московского отделения «Солидарности». Основатель и шеф-редактор интернет-издания The Insider. Кандидат политических наук.","Roman Aleksandrovich Dobrokhotov (born August 6, 1983, Moscow, USSR) - Russian public figure, journalist, political scientist; One of the founders and leaders of the “Party December 5”, the founder and leader of the “We” movement, a member of the Federal Political Council of the Solidarity movement, a member of the political council of the Moscow branch of Solidarity. The founder and chief editor of the online publication The Insider. Candidate of political sciences."
98,99,Ёлкин Сергей Владимирович,художник-карикатурист,15.04.2022,-6022002,"https://ru.wikipedia.org/wiki/%D0%81%D0%BB%D0%BA%D0%B8%D0%BD,_%D0%A1%D0%B5%D1%80%D0%B3%D0%B5%D0%B9_%D0%92%D0%BB%D0%B0%D0%B4%D0%B8%D0%BC%D0%B8%D1%80%D0%BE%D0%B2%D0%B8%D1%87","Ёлкин, Сергей Владимирович","Сергей Владимирович Ёлкин (род. 26 мая 1962 года, Воркута) — российский художник-карикатурист, архитектор. Его работы регулярно публиковались в изданиях «Известия», «Российская газета», The Moscow Times, «Ведомости», «Политру», в агентстве «РИА Новости» и т. д. Участник и призёр международных конкурсов карикатуры.","Sergey Vladimirovich Yolkin (born May 26, 1962, Vorkuta)-Russian artist-caricatist, architect. His works were regularly published in Izvestia, Russian Newspaper, The Moscow Times, Vedomosti, Politra, in the agency RIA Novosti, etc. Participant and winner of international carications."
99,100,Вахштайн Виктор Семёнович,"социолог, главный редактор журнала «Социология власти»",22.04.2022,-6022002,"https://ru.wikipedia.org/wiki/%D0%92%D0%B0%D1%85%D1%88%D1%82%D0%B0%D0%B9%D0%BD,_%D0%92%D0%B8%D0%BA%D1%82%D0%BE%D1%80_%D0%A1%D0%B5%D0%BC%D1%91%D0%BD%D0%BE%D0%B2%D0%B8%D1%87","Вахштайн, Виктор Семёнович","Ви́ктор Семёнович Вахшта́йн (род. 1981, Пенза, СССР) — российский социолог, специалист по социальной теории и микросоциологии. Кандидат социологических наук (2007). Декан факультета социальных наук МВШЭСН, заведующий кафедрой теоретической социологии и эпистемологии и декан философско-социологического факультета Российской академии народного хозяйства и государственной службы при Президенте РФ (РАНХиГС), руководитель Центра социологических исследований РАНХиГС и Международного центра современной социологической теории МВШСЭН.","VICTOR SEMENOVICH Vakhstai (born 1981, Penza, USSR) is a Russian sociologist, specialist in social theory and microsociology. Candidate of sociological sciences (2007). Dean of the Faculty of Social Sciences of the Ministry of Internal Affairs, the head of the Department of Theoretical Sociology and Epistemology and the Dean of the Philosophical and Sociology Faculty of the Russian Academy of National Economy and Public Administration of the President of the Russian Federation (RANEPA), Head of the Center for Sociological Research of the RANEPA and the International Center for the Modern Sociological theory of the MVSHSEN."
100,101,Сироткин Ярослав Николаевич,"гражданский и ЛГБТ-активист, член ЛГБТ-движения «Каллисто»",22.04.2022,-6022002,-6022002,-6022002,,
101,102,Пархоменко Сергей Борисович,журналист,22.04.2022,-6022002,"https://ru.wikipedia.org/wiki/%D0%9F%D0%B0%D1%80%D1%85%D0%BE%D0%BC%D0%B5%D0%BD%D0%BA%D0%BE,_%D0%A1%D0%B5%D1%80%D0%B3%D0%B5%D0%B9_%D0%91%D0%BE%D1%80%D0%B8%D1%81%D0%BE%D0%B2%D0%B8%D1%87","Пархоменко, Сергей Борисович","Серге́й Бори́сович Пархо́менко (род. 13 марта 1964, Москва) — российский издатель, журналист, радиоведущий, колумнист и политический обозреватель. В настоящее время развивает собственный YouTube-канал.","Sergey Borisovich Parkhomenko (born March 13, 1964, Moscow) - Russian publisher, journalist, radio host, columnist and political observer. Currently developing its own YouTube channel."
102,103,Асафьев Артур Валерьевич,журналист Радио «Свобода»,22.04.2022,-6022002,-6022002,-6022002,,
103,104,Невзоров Александр Глебович,журналист,22.04.2022,-6022002,"https://ru.wikipedia.org/wiki/%D0%9D%D0%B5%D0%B2%D0%B7%D0%BE%D1%80%D0%BE%D0%B2,_%D0%90%D0%BB%D0%B5%D0%BA%D1%81%D0%B0%D0%BD%D0%B4%D1%80_%D0%93%D0%BB%D0%B5%D0%B1%D0%BE%D0%B2%D0%B8%D1%87","Невзоров, Александр Глебович","Алекса́ндр Гле́бович Невзо́ров (род. 3 августа 1958, Ленинград) — советский и российский журналист, репортёр, телеведущий, режиссёр, сценарист и продюсер документальных фильмов, публицист. Советник генерального директора «Первого канала» (c 2006). Стал известным в конце 1980-х годов как автор и ведущий программы «600 секунд». 
Депутат Государственной думы Российской Федерации I, II, III и IV созывов (1993—2007).
Ипполог. Основатель, «мастер и наставник» школы воспитания лошадей Nevzorov Haute École.","Aleksandr Glebovich Nevzorov (born August 3, 1958, Leningrad) - Soviet and Russian journalist, reporter, TV presenter, director, screenwriter and producer of documentaries, publicist. Advisor to the CEO of Channel One (C 2006). He became famous in the late 1980s as the author and host of the 600 seconds program. 
 Deputy of the State Duma of the Russian Federation I, II, III and IV convocations (1993-2007). 
 Hippologist. The founder, “master and mentor” of the Nevzorov Haute école horses school."
104,105,Лушникова Екатерина Евгеньевна,журналист Радио «Свобода»,22.04.2022,-6022002,-6022002,-6022002,,
105,106,Венедиктов Алексей Алексеевич,главный редактор «Эхо Москвы»,22.04.2022,-6022002,"https://ru.wikipedia.org/wiki/%D0%92%D0%B5%D0%BD%D0%B5%D0%B4%D0%B8%D0%BA%D1%82%D0%BE%D0%B2,_%D0%90%D0%BB%D0%B5%D0%BA%D1%81%D0%B5%D0%B9_%D0%90%D0%BB%D0%B5%D0%BA%D1%81%D0%B5%D0%B5%D0%B2%D0%B8%D1%87","Венедиктов, Алексей Алексеевич","Алексе́й Алексе́евич Венеди́ктов (род. 18 декабря 1955, Москва) — российский историк, педагог, журналист, редактор и общественный деятель. Главный редактор радиостанции «Эхо Москвы» (1998—2022). Владелец исторического журнала «Дилетант» с октября 2015 года. С марта 2022 года выпускает программы на YouTube-канале «Живой гвоздь».","Alexei Alekseevich Venedikov (born December 18, 1955, Moscow) - Russian historian, teacher, journalist, editor and public figure. The editor -in -chief of the Echo of Moscow (1998–2022). The owner of the Historical magazine ""Intercessor"" since October 2015. Since March 2022, he has been publishing programs on the Live Nail YouTube channel."
106,107,Воронов Владимир Владимирович,журналист Радио «Свобода»,22.04.2022,-6022002,-6022002,-6022002,,
107,108,Милов Владимир Станиславович,"политик, экономист",06.05.2022,-6022002,"https://ru.wikipedia.org/wiki/%D0%9C%D0%B8%D0%BB%D0%BE%D0%B2,_%D0%92%D0%BB%D0%B0%D0%B4%D0%B8%D0%BC%D0%B8%D1%80_%D0%A1%D1%82%D0%B0%D0%BD%D0%B8%D1%81%D0%BB%D0%B0%D0%B2%D0%BE%D0%B2%D0%B8%D1%87","Милов, Владимир Станиславович","Влади́мир Станисла́вович Мило́в (род. 18 июня 1972, Кемерово) — российский оппозиционный политический и общественный деятель, председатель партии «Демократический выбор» (2012—2015), с мая по октябрь 2002 года — заместитель министра энергетики России. Член федерального политсовета движения «Солидарность» (2008—2010). Один из создателей коалиции «За Россию без произвола и коррупции». Вместе с Борисом Немцовым выступил соавтором антикоррупционных докладов «Путин. Итоги. 10 лет» (2010) и «Путин. Коррупция» (2011).","Vladimir Stanislavovich Milov (born June 18, 1972, Kemerovo) - Russian opposition political and public figure, chairman of the Democratic Choice party (2012-2015), from May to October 2002 - Deputy Minister of Energy of Russia. Member of the Federal Political Council of the Solidarity movement (2008-2010). One of the creators of the coalition ""For Russia without arbitrariness and corruption."" Together with Boris Nemtsov, he acted as a co -author of anti -corruption reports “Putin. Results. 10 years ”(2010) and“ Putin. Corruption ”(2011)."
108,109,Кагарлицкий Борис Юльевич,"социолог, публицист",06.05.2022,-6022002,"https://ru.wikipedia.org/wiki/%D0%9A%D0%B0%D0%B3%D0%B0%D1%80%D0%BB%D0%B8%D1%86%D0%BA%D0%B8%D0%B9,_%D0%91%D0%BE%D1%80%D0%B8%D1%81_%D0%AE%D0%BB%D1%8C%D0%B5%D0%B2%D0%B8%D1%87","Кагарлицкий, Борис Юльевич","Бори́с Ю́льевич Кагарли́цкий (род. 29 августа 1958 года, Москва, РСФСР, СССР) — российский социолог, левый публицист, видеоблогер, кандидат политических наук. Директор Института глобализации и социальных движений. Одна из видных фигур левого направления в советском диссидентском движении. Главный редактор интернет-издания «Рабкор» и автор одноимённого YouTube-канала.","Boris Yulievich Kagarlitsky (born August 29, 1958, Moscow, RSFSR, USSR) - Russian sociologist, leftist publicist, video blogger, candidate of political sciences. Director of the Institute of Globalization and Social movements. One of the prominent figures of the left direction in the Soviet dissident movement. The editor-in-chief of the online publication ""Rabor"" and the author of the same YouTube channel."
109,110,Гозман Леонид Яковлевич,социолог,06.05.2022,-6022002,"https://ru.wikipedia.org/wiki/%D0%93%D0%BE%D0%B7%D0%BC%D0%B0%D0%BD,_%D0%9B%D0%B5%D0%BE%D0%BD%D0%B8%D0%B4_%D0%AF%D0%BA%D0%BE%D0%B2%D0%BB%D0%B5%D0%B2%D0%B8%D1%87","Гозман, Леонид Яковлевич","Леони́д Я́ковлевич Го́зман (род. 13 июля 1950, Ленинград) — российский общественный и политический деятель, президент общественного движения «Союз правых сил».","Leonid Yakovlevich Gosman (born July 13, 1950, Leningrad) - Russian public and politician, president of the Union of Right Forces."
110,111,Соболь Любовь Эдуардовна,политик,06.05.2022,-6022002,"https://ru.wikipedia.org/wiki/%D0%A1%D0%BE%D0%B1%D0%BE%D0%BB%D1%8C,_%D0%9B%D1%8E%D0%B1%D0%BE%D0%B2%D1%8C_%D0%AD%D0%B4%D1%83%D0%B0%D1%80%D0%B4%D0%BE%D0%B2%D0%BD%D0%B0","Соболь, Любовь Эдуардовна","Любо́вь Эдуа́рдовна Со́боль (урождённая Феденёва; род. 13 сентября 1987, Лобня, Московская область) — российский политический и общественный деятель, член правления партии «Россия будущего».
До 2021 — юрист «Фонда борьбы с коррупцией» (ФБК), в том числе в рамках проекта «РосПил» (2011—2018), член Координационного совета российской оппозиции (2012—2013).","Lyubov Eduardovna Sobol (nee Fedeneva; born September 13, 1987, Lobnya, Moscow Region) - Russian political and public figure, member of the board of the Russian Future party. 
 Until 2021 - a lawyer of the Foundation for Combating Corruption (FBK), including as part of the Rospil project (2011-2018), a member of the Coordinating Council of the Russian opposition (2012-2013)."
111,112,Климарев Михаил Валерьевич,"IT-эксперт, активист",06.05.2022,-6022002,-6022002,-6022002,,
112,113,Баранова Наталья Владимировна,контент-директор «Теплицы социальных технологий»,06.05.2022,-6022002,-6022002,-6022002,,
113,114,Константинов Денис Владимирович,главный редактор «Орловских новостей»,06.05.2022,-6022002,-6022002,-6022002,,
114,115,Соколов Михаил Владимирович,"журналист Радио «Свобода», историк, радиоведущий, политический обозреватель",03.06.2022,-6022002,"https://ru.wikipedia.org/wiki/%D0%A1%D0%BE%D0%BA%D0%BE%D0%BB%D0%BE%D0%B2,_%D0%9C%D0%B8%D1%85%D0%B0%D0%B8%D0%BB_%D0%92%D0%BB%D0%B0%D0%B4%D0%B8%D0%BC%D0%B8%D1%80%D0%BE%D0%B2%D0%B8%D1%87_(%D0%B6%D1%83%D1%80%D0%BD%D0%B0%D0%BB%D0%B8%D1%81%D1%82)","Соколов, Михаил Владимирович (журналист)","Михаи́л Влади́мирович Соколо́в (род. 19 мая 1962, Петрозаводск) — российский журналист, историк, радиоведущий, политический обозреватель. Кандидат исторических наук. Многолетний ведущий авторских программ на радиостанциях «Эхо Москвы» и Радио «Свобода».","Mikhail Vladimirovich Sokolov (born May 19, 1962, Petrozavodsk) - Russian journalist, historian, radio host, political observer. Candidate of Historical Sciences. Perennial host of copyright programs at the Echo of Moscow and Radio Liberty."
115,116,Пивоваров Алексей Владимирович,"журналист, блогер",03.06.2022,-6022002,"https://ru.wikipedia.org/wiki/%D0%9F%D0%B8%D0%B2%D0%BE%D0%B2%D0%B0%D1%80%D0%BE%D0%B2,_%D0%90%D0%BB%D0%B5%D0%BA%D1%81%D0%B5%D0%B9_%D0%92%D0%BB%D0%B0%D0%B4%D0%B8%D0%BC%D0%B8%D1%80%D0%BE%D0%B2%D0%B8%D1%87","Пивоваров, Алексей Владимирович","Алексе́й Влади́мирович Пивова́ров (род. 12 июня 1974, Москва, СССР) — российский журналист, медиаменеджер, теле- и радиоведущий, блогер, создатель YouTube-канала «Редакция». Корреспондент, ведущий программ новостей «Сегодня» и «Страна и мир», а также автор документальных фильмов на телеканале НТВ (1993—2013), продюсер трансмедийных проектов в холдинге «СТС Медиа» (2013—2016), главный редактор и генеральный продюсер телеканала RTVI (2016—2020). С марта 2019 года — автор YouTube-канала «Редакция», независимого журналистского проекта. Обладатель серебряной (2019) и золотой (2020) кнопок YouTube. В начале 2022 года у канала более 3 млн подписчиков и более 650 млн просмотров.","Alexei Vladimirovich Pivovarov (born June 12, 1974, Moscow, USSR)- Russian journalist, media manager, television and radio host, blogger, creator of the YouTube channel ""Editorial"". Correspondent leading the news programs today and Country and Mir, as well as the author of documentaries on the NTV television channel (1993-2013), producer of transmedium projects in the STS Media holding (2013-2016), editor -in -chief and general producer of the television channel RTVI (2016–2020). Since March 2019-author of the YouTube channel ""Editor"", an independent journalistic project. Silver (2019) and gold (2020) YouTube buttons. At the beginning of 2022, the channel had more than 3 million subscribers and more than 650 million views."
116,117,Цветкова Юлия Владимировна,"художница, активистка",03.06.2022,-6022002,"https://ru.wikipedia.org/wiki/%D0%A6%D0%B2%D0%B5%D1%82%D0%BA%D0%BE%D0%B2%D0%B0,_%D0%AE%D0%BB%D0%B8%D1%8F_%D0%92%D0%BB%D0%B0%D0%B4%D0%B8%D0%BC%D0%B8%D1%80%D0%BE%D0%B2%D0%BD%D0%B0","Цветкова, Юлия Владимировна","Ю́лия Влади́мировна Цветко́ва (род. 23 мая 1993, Комсомольск-на-Амуре, Россия) — российская художница и активистка из Комсомольска-на-Амуре. 11 февраля 2020 года по версии «Мемориал» признана политзаключённой.","Yulia Vladimirovna Tsvetkova (born May 23, 1993, Komsomolsk-on-Amur, Russia)-Russian artist and activist from Komsomolsk-on-Amur. On February 11, 2020, according to Memorial, it was recognized as political prisoner."
117,118,Кашин Олег Владимирович,"политический журналист, публицист, обозреватель и писатель",03.06.2022,-6022002,"https://ru.wikipedia.org/wiki/%D0%9A%D0%B0%D1%88%D0%B8%D0%BD,_%D0%9E%D0%BB%D0%B5%D0%B3_%D0%92%D0%BB%D0%B0%D0%B4%D0%B8%D0%BC%D0%B8%D1%80%D0%BE%D0%B2%D0%B8%D1%87","Кашин, Олег Владимирович","Оле́г Влади́мирович Ка́шин (род. 17 июня 1980, Калининград, СССР) — российский политический журналист, публицист, обозреватель и писатель.","Oleig Vladimirovich Kashin (born June 17, 1980, Kaliningrad, USSR) - Russian political journalist, publicist, observer and writer."
118,119,Петров Николай Владимирович,"политолог, политгеограф",03.06.2022,-6022002,"https://ru.wikipedia.org/wiki/%D0%9F%D0%B5%D1%82%D1%80%D0%BE%D0%B2,_%D0%9D%D0%B8%D0%BA%D0%BE%D0%BB%D0%B0%D0%B9_%D0%92%D0%BB%D0%B0%D0%B4%D0%B8%D0%BC%D0%B8%D1%80%D0%BE%D0%B2%D0%B8%D1%87","Петров, Николай Владимирович","Николай Владимирович Петров (род. 1958) — российский политолог, политгеограф, автор большого количества публикаций в ведущих российских и зарубежных СМИ, автор колонки в ведущей из публикуемых в России англоязычных газет «The Moscow Times», кандидат географических наук.","Nikolai Vladimirovich Petrov (born 1958) is a Russian political scientist, political prison, author of a large number of publications in leading Russian and foreign media, the author of the column in the leading of the English -speaking newspapers “The Moscow Times”, candidate of geographical sciences."
119,120,Данилович Ирина Брониславовна,активистка,03.06.2022,-6022002,-6022002,-6022002,,
120,121,Алешковский Дмитрий Петрович,"общественный деятель, журналист",29.07.2022,-6022002,"https://ru.wikipedia.org/wiki/%D0%90%D0%BB%D0%B5%D1%88%D0%BA%D0%BE%D0%B2%D1%81%D0%BA%D0%B8%D0%B9,_%D0%94%D0%BC%D0%B8%D1%82%D1%80%D0%B8%D0%B9_%D0%9F%D0%B5%D1%82%D1%80%D0%BE%D0%B2%D0%B8%D1%87","Алешковский, Дмитрий Петрович","Дмитрий Петрович Алешко́вский (более известен как Митя Алешковский, род. 4 марта 1985, Москва) — российский общественный деятель, фандрайзер, журналист и медиаменеджер.
В период с 2004 по 2012 годы работал штатным и внештатным фотокорреспондентом в различных российских СМИ.
С 2012 года вместе с диалектологом Ольгой Геннадьевной Ровновой занимается исследованиями и фотосъёмкой старообрядцев, эмигрировавших и осевших в странах Латинской Америки.
Во время наводнения в Крымске в 2012 году организовывал волонтёров и собирал гуманитарную помощь, после этого оставил работу журналиста и запустил проект «Нужнапомощь.ру». Соучредитель благотворительного фонда «Нужна помощь», а также создатель и директор медиапортала «Такие дела».","Dmitry Petrovich Aleshkovsky (better known as Mitya Aleshkovsky, born March 4, 1985, Moscow) - Russian public figure, fandraizer, journalist and media manager.
In the period from 2004 to 2012, he worked as a full -time and freelance photojournalist in various Russian media.
Since 2012, together with a dialectologist, Olga Gennadievna Rovnova has been engaged in the research and photography of the Old Believers who emigrated and settled in Latin America.
During the flood in Krymsk, in 2012 he organized volunteers and collected humanitarian aid, after which he left the work of the journalist and launched the project “Needing to the Moral.” The co -founder of the Help charity fund, as well as the creator and director of the Media Portal “Such Affairs”."
121,122,Быков Дмитрий Львович,"писатель, публицист",29.07.2022,-6022002,"https://ru.wikipedia.org/wiki/%D0%91%D1%8B%D0%BA%D0%BE%D0%B2,_%D0%94%D0%BC%D0%B8%D1%82%D1%80%D0%B8%D0%B9_%D0%9B%D1%8C%D0%B2%D0%BE%D0%B2%D0%B8%D1%87","Быков, Дмитрий Львович","Дми́трий Льво́вич Бы́ков (при рождении Зильбертруд; род. 20 декабря 1967, Москва) — русский писатель, поэт и публицист, литературный критик, радио- и телеведущий, журналист, преподаватель литературы, кинокритик. Политический мыслитель и активист, оппозиционно настроенный к современному российскому руководству, в частности к президенту РФ Путину.
Биограф Бориса Пастернака, Булата Окуджавы, Максима Горького и Владимира Маяковского. Совместно с Михаилом Ефремовым регулярно издавал литературные видеовыпуски в рамках проектов «Гражданин поэт» и «Господин хороший».","Dmitry Lvovovich Bykov (at the birth of Zilbertrud; born December 20, 1967, Moscow)- Russian writer, poet and publicist, literary critic, radio and TV presenter, journalist, literature teacher, film critic. The political thinker and activist, oppositionly in modern Russian leadership, in particular to President of the Russian Federation Putin.
Biographer Boris Pasternak, Bulat Okudzhava, Maxim Gorky and Vladimir Mayakovsky. Together with Mikhail Efremov, he regularly published literary video outputs as part of the projects “Citizen Poet” and “Mr. Good”."
122,123,Альбац Евгения Марковна,журналистка,29.07.2022,-6022002,"https://ru.wikipedia.org/wiki/%D0%90%D0%BB%D1%8C%D0%B1%D0%B0%D1%86,_%D0%95%D0%B2%D0%B3%D0%B5%D0%BD%D0%B8%D1%8F_%D0%9C%D0%B0%D1%80%D0%BA%D0%BE%D0%B2%D0%BD%D0%B0","Альбац, Евгения Марковна","Евге́ния Ма́рковна Альба́ц (род. 5 сентября 1958, Москва) — российская политическая журналистка, политолог, общественная деятельница и писательница. Главный редактор журнала The New Times.
До февраля 2022 года — ведущая авторской программы на радиостанции «Эхо Москвы» «Полный Альбац», а также регулярный гость программы «Особое мнение».
Член Общественного Совета Российского еврейского конгресса.","Evgenia Markovna Albats (born September 5, 1958, Moscow) - Russian political journalist, political scientist, public figure and writer. The editor -in -chief of The New Times. 
 Until February 2022 - the host of the author’s program at the Echo of Moscow radio station “Full Albats”, as well as the regular guest of the special opinion program. 
 Member of the Public Council of the Russian Jewish Congress."
123,124,Федоров Кирилл Владимирович,"психолог, правозащитник",02.09.2022,-6022002,-6022002,-6022002,,
124,125,Мартынов Кирилл Константинович,"главный редактор «Новой газеты. Европа», публицист",02.09.2022,-6022002,"https://ru.wikipedia.org/wiki/%D0%9C%D0%B0%D1%80%D1%82%D1%8B%D0%BD%D0%BE%D0%B2,_%D0%9A%D0%B8%D1%80%D0%B8%D0%BB%D0%BB_%D0%9A%D0%BE%D0%BD%D1%81%D1%82%D0%B0%D0%BD%D1%82%D0%B8%D0%BD%D0%BE%D0%B2%D0%B8%D1%87","Мартынов, Кирилл Константинович","Кири́лл Константи́нович Марты́нов (род. 25 апреля 1981, Кемерово, РСФСР, СССР) — российский философ, специалист в области современных политических теорий, аналитической философии и социологии; журналист, публицист, переводчик и блогер. Кандидат философских наук, доцент.","Kirill Konstantinovich Martynov (born April 25, 1981, Kemerovo, RSFSR, USSR) - Russian philosopher, specialist in modern political theories, analytical philosophy and sociology; Journalist, publicist, translator and blogger. Candidate of Philosophy, Associate Professor."
125,126,Лойко Сергей Леонидович,журналист,02.09.2022,-6022002,"https://ru.wikipedia.org/wiki/%D0%9B%D0%BE%D0%B9%D0%BA%D0%BE,_%D0%A1%D0%B5%D1%80%D0%B3%D0%B5%D0%B9_%D0%9B%D0%B5%D0%BE%D0%BD%D0%B8%D0%B4%D0%BE%D0%B2%D0%B8%D1%87","Лойко, Сергей Леонидович","Сергей Леонидович Лойко (род. 26 февраля 1953 года в Миккели, Южное Саво, Финляндия) — журналист, переводчик, писатель, фотограф.","Sergey Leonidovich Loiko (born February 26, 1953 in Mikkeli, South Savo, Finland) - journalist, translator, writer, photographer."
126,127,Галямина Юлия Евгеньевна,политик,02.09.2022,-6022002,"https://ru.wikipedia.org/wiki/%D0%93%D0%B0%D0%BB%D1%8F%D0%BC%D0%B8%D0%BD%D0%B0,_%D0%AE%D0%BB%D0%B8%D1%8F_%D0%95%D0%B2%D0%B3%D0%B5%D0%BD%D1%8C%D0%B5%D0%B2%D0%BD%D0%B0","Галямина, Юлия Евгеньевна","Ю́лия Евге́ньевна Галя́мина (род. 23 января 1973, Москва) — российский политик, общественный деятель и журналист; кандидат филологических наук, доцент кафедры теории и практики медиакоммуникаций Школы медиакоммуникаций Института общественных наук РАНХиГС, бывший научный сотрудник МГУ и преподаватель ВШЭ; бывший муниципальный депутат Тимирязевского района, учредитель газеты «Наш Север»; член Федерального координационного совета Партии 5 декабря.","Yulia Evgenievna Galyamina (born January 23, 1973, Moscow) - Russian politician, public figure and journalist; Candidate of Philology, Associate Professor of the Department of Theory and Practice of Media Communications of the School of Media Communications of the Institute of Social Sciences of the RANEPA, a former researcher at Moscow State University and a teacher of the Higher School; Former municipal deputy of the Timiryazevsky district, founder of the newspaper ""Our North""; Member of the Federal Coordination Council of the party on December 5."
127,128,Шац Михаил Григорьевич,"шоумен, телеведущий",02.09.2022,-6022002,"https://ru.wikipedia.org/wiki/%D0%A8%D0%B0%D1%86,_%D0%9C%D0%B8%D1%85%D0%B0%D0%B8%D0%BB_%D0%93%D1%80%D0%B8%D0%B3%D0%BE%D1%80%D1%8C%D0%B5%D0%B2%D0%B8%D1%87","Шац, Михаил Григорьевич","Михаи́л Григо́рьевич Шац (род. 7 июня 1965, Ленинград) — российский телеведущий, шоумен, юморист, актёр театра и кино, врач анестезиолог-реаниматолог. Участник КВН, член Академии Российского телевидения с 2007 года, член попечительского совета благотворительного фонда «Созидание». Бывший супруг телеведущей Татьяны Лазаревой. Бывший член Координационного совета российской оппозиции. Бывший продюсер спецпроектов телеканала СТС. Автор YouTube-канала «ШАЦ».","Mikhail Grigoryevich Shats (born June 7, 1965, Leningrad)-Russian TV presenter, showman, comedian, theater and film actor, an anesthetist-resuscitator. Member of the KVN, member of the Academy of Russian Television since 2007, member of the Board of Trustees of the Creation Charitable Fund. Former spouse of the TV presenter Tatyana Lazareva. Former member of the Coordinating Council of the Russian opposition. Former producer of special projects of the STS channel. The author of the YouTube channel ""Shat""."
128,129,Медведев Сергей Александрович,политолог,02.09.2022,-6022002,"https://ru.wikipedia.org/wiki/%D0%9C%D0%B5%D0%B4%D0%B2%D0%B5%D0%B4%D0%B5%D0%B2,_%D0%A1%D0%B5%D1%80%D0%B3%D0%B5%D0%B9_%D0%90%D0%BB%D0%B5%D0%BA%D1%81%D0%B0%D0%BD%D0%B4%D1%80%D0%BE%D0%B2%D0%B8%D1%87_(%D0%BF%D0%BE%D0%BB%D0%B8%D1%82%D0%BE%D0%BB%D0%BE%D0%B3)","Медведев, Сергей Александрович (политолог)","Серге́й Алекса́ндрович Медве́дев (род. 20 декабря 1966, Москва) — российский журналист, теле- и радиоведущий, политолог, писатель. Кандидат исторических наук, профессор НИУ Высшая школа экономики (2004—2020). По итогам голосования студентов факультета политологии ВШЭ был выбран лучшим преподавателем в 2011, 2012 и 2014 годах.","Sergey Aleksandrovich Medvedev (born December 20, 1966, Moscow)- Russian journalist, television and radio host, political scientist, writer. Candidate of Historical Sciences, Professor of the Higher School of Economics (2004–2020). According to the results of the voting of students of the Faculty of Political Science, the HSE was chosen the best teacher in 2011, 2012 and 2014."
129,130,Соловей Валерий Дмитриевич,политолог,09.09.2022,-6022002,"https://ru.wikipedia.org/wiki/%D0%A1%D0%BE%D0%BB%D0%BE%D0%B2%D0%B5%D0%B9,_%D0%92%D0%B0%D0%BB%D0%B5%D1%80%D0%B8%D0%B9_%D0%94%D0%BC%D0%B8%D1%82%D1%80%D0%B8%D0%B5%D0%B2%D0%B8%D1%87","Соловей, Валерий Дмитриевич","Вале́рий Дми́триевич Солове́й (род. 19 августа 1960, Счастье, Луганская область) — российский историк, политический аналитик, публицист и общественный деятель. Доктор исторических наук.
С 2007 по 2019 год — профессор и заведующий кафедрой рекламы и связей с общественностью МГИМО.","Valery Dmitrievich Solovey (born August 19, 1960, happiness, Lugansk region) - Russian historian, political analyst, publicist and public figure. Doctor of Historical Sciences. 
 From 2007 to 2019 - professor and head of the Department of Advertising and Public Relations of MGIMO."
130,131,Шукаева Елена Викторовна,журналистка Радио «Свобода»,09.09.2022,-6022002,-6022002,-6022002,,
131,132,Афанасьев Андрей Андреевич,журналист Радио «Свобода»,09.09.2022,-6022002,-6022002,-6022002,,
